{
  "id": "282f91c6-e13c-4393-b9b6-efe8607206a3",
  "generation": 0,
  "iteration": 0,
  "timestamp": 1764985869.227271,
  "parent_id": null,
  "metrics": {
    "mpki": 4.538,
    "objective": 4.538,
    "success": 1.0,
    "combined_score": -4.538
  },
  "language": "cpp",
  "saved_at": 1764985881.3145354
}